-- phpMyAdmin SQL Dump
-- version 5.2.1
-- https://www.phpmyadmin.net/
--
-- Host: 127.0.0.1
-- Generation Time: Jul 08, 2025 at 03:04 PM
-- Server version: 10.4.32-MariaDB
-- PHP Version: 8.2.12

SET SQL_MODE = "NO_AUTO_VALUE_ON_ZERO";
START TRANSACTION;
SET time_zone = "+00:00";


/*!40101 SET @OLD_CHARACTER_SET_CLIENT=@@CHARACTER_SET_CLIENT */;
/*!40101 SET @OLD_CHARACTER_SET_RESULTS=@@CHARACTER_SET_RESULTS */;
/*!40101 SET @OLD_COLLATION_CONNECTION=@@COLLATION_CONNECTION */;
/*!40101 SET NAMES utf8mb4 */;

--
-- Database: `mandi_manager_db`
--

-- --------------------------------------------------------

--
-- Table structure for table `customers`
--

CREATE TABLE `customers` (
  `id` int(11) NOT NULL,
  `name` varchar(255) NOT NULL,
  `phone` varchar(20) NOT NULL,
  `address` text NOT NULL,
  `credit_score` int(11) DEFAULT 100,
  `created_at` timestamp NOT NULL DEFAULT current_timestamp(),
  `updated_at` timestamp NOT NULL DEFAULT current_timestamp() ON UPDATE current_timestamp()
) ENGINE=InnoDB DEFAULT CHARSET=utf8mb4 COLLATE=utf8mb4_general_ci;

--
-- Dumping data for table `customers`
--

INSERT INTO `customers` (`id`, `name`, `phone`, `address`, `credit_score`, `created_at`, `updated_at`) VALUES
(10, 'Anwar', '03071037592', 'House # 17, street # 11, Mujahid colony, near beri peer Darbar, bakar mandi, band road, lahore', 65, '2025-05-14 07:11:14', '2025-07-08 10:07:38'),
(19, 'Ali', '03012345678', 'House # 17, street # 11, Mujahid colony, near beri peer Darbar, bakar mandi, band road, lahore', 100, '2025-06-11 17:39:45', '2025-07-07 11:45:29'),
(20, 'ahmad', '03008122642', 'House # 17, street # 11, Mujahid colony, near beri peer Darbar, bakar mandi, band road, lahore', 80, '2025-06-15 14:11:26', '2025-07-08 09:49:06'),
(21, 'Akram', '03456789120', 'House # 17, street # 11,', 60, '2025-07-03 15:38:54', '2025-07-08 10:01:46'),
(22, 'Amjad', '03456789021', 'House # 17, street # 11, Mujahid colony, near beri peer Darbar, bakar mandi, band road, lahore', 90, '2025-07-03 15:57:41', '2025-07-03 16:00:14');

-- --------------------------------------------------------

--
-- Table structure for table `due_transactions`
--

CREATE TABLE `due_transactions` (
  `customer_name` varchar(100) DEFAULT NULL,
  `customer_id` int(11) DEFAULT NULL,
  `customer_phone` varchar(20) NOT NULL,
  `invoice_no` varchar(255) NOT NULL,
  `total` decimal(10,2) DEFAULT NULL,
  `paid` decimal(10,2) DEFAULT NULL,
  `due` decimal(10,2) DEFAULT NULL,
  `payment_method` varchar(50) DEFAULT NULL,
  `next_payment_date` date DEFAULT NULL,
  `items` text DEFAULT NULL,
  `transaction_time` datetime DEFAULT NULL,
  `last_updated` datetime DEFAULT current_timestamp() ON UPDATE current_timestamp()
) ENGINE=InnoDB DEFAULT CHARSET=utf8mb4 COLLATE=utf8mb4_general_ci;

--
-- Dumping data for table `due_transactions`
--

INSERT INTO `due_transactions` (`customer_name`, `customer_id`, `customer_phone`, `invoice_no`, `total`, `paid`, `due`, `payment_method`, `next_payment_date`, `items`, `transaction_time`, `last_updated`) VALUES
('Anwar', 10, '03071037592', 'INV-1751968926828', 17200.00, 11200.00, 6000.00, 'Cash', '2025-07-09', 'Mango/gift/49 (Qty: 1, Rate: 2200, Amount: 2200.00); Pomegranat/km-68 (Qty: 5, Rate: 3000, Amount: 15000.00)', '2025-07-08 15:05:27', '2025-07-08 15:07:38');

-- --------------------------------------------------------

--
-- Table structure for table `notifications`
--

CREATE TABLE `notifications` (
  `id` int(11) NOT NULL,
  `title` varchar(255) DEFAULT NULL,
  `message` text DEFAULT NULL,
  `icon` varchar(100) DEFAULT NULL,
  `link` varchar(255) DEFAULT NULL,
  `is_read` tinyint(1) DEFAULT 0,
  `created_at` datetime DEFAULT current_timestamp()
) ENGINE=InnoDB DEFAULT CHARSET=utf8mb4 COLLATE=utf8mb4_general_ci;

--
-- Dumping data for table `notifications`
--

INSERT INTO `notifications` (`id`, `title`, `message`, `icon`, `link`, `is_read`, `created_at`) VALUES
(20, 'Upcoming Payment', 'Anwar has a due payment on 2025-07-09.', 'mdi mdi-calendar-clock', 'payments.php', 0, '2025-07-08 15:07:38');

-- --------------------------------------------------------

--
-- Table structure for table `products`
--

CREATE TABLE `products` (
  `id` int(11) NOT NULL,
  `name` varchar(255) NOT NULL,
  `serial_no` varchar(100) NOT NULL,
  `quantity` int(11) NOT NULL,
  `date_added` date NOT NULL,
  `expiry_date` date NOT NULL,
  `created_at` timestamp NOT NULL DEFAULT current_timestamp()
) ENGINE=InnoDB DEFAULT CHARSET=utf8mb4 COLLATE=utf8mb4_general_ci;

--
-- Dumping data for table `products`
--

INSERT INTO `products` (`id`, `name`, `serial_no`, `quantity`, `date_added`, `expiry_date`, `created_at`) VALUES
(1, 'Red Apples', 'AKA-123', 308, '2025-05-04', '2025-07-07', '2025-05-02 13:00:48'),
(3, 'Banana', 'MK-43', 615, '2025-05-02', '2025-05-05', '2025-05-02 14:31:10'),
(12, 'Pomegranat', 'km-68', 30, '2025-05-15', '2025-05-25', '2025-05-15 09:48:01'),
(13, 'White Apple', 'LM-123', 50, '2025-05-18', '2025-05-30', '2025-05-18 09:13:33'),
(14, 'Mango', 'gift/49', 4, '2025-06-11', '2025-06-20', '2025-06-11 17:40:21'),
(15, 'Mango', 'Waqas/65', 40, '2025-06-15', '2025-06-17', '2025-06-15 12:58:17'),
(16, 'PEACH', 'PH-32', 30, '2025-07-03', '2025-07-13', '2025-07-03 17:30:57'),
(18, 'Persimons', 'pn-25', 30, '2025-07-05', '2025-07-10', '2025-07-05 09:23:35');

-- --------------------------------------------------------

--
-- Table structure for table `sales`
--

CREATE TABLE `sales` (
  `id` int(11) NOT NULL,
  `product_id` int(11) DEFAULT NULL,
  `sale_date` date NOT NULL,
  `quantity_sold` int(11) NOT NULL,
  `total_amount` decimal(10,2) NOT NULL
) ENGINE=InnoDB DEFAULT CHARSET=utf8mb4 COLLATE=utf8mb4_general_ci;

--
-- Dumping data for table `sales`
--

INSERT INTO `sales` (`id`, `product_id`, `sale_date`, `quantity_sold`, `total_amount`) VALUES
(1, 1, '2025-06-04', 2, 8000.00),
(2, NULL, '2025-06-04', 6, 13200.00),
(3, 13, '2025-06-04', 3, 8700.00),
(4, 12, '2025-06-04', 3, 11500.00),
(5, 3, '2025-06-04', 1, 1200.00),
(6, 1, '2025-06-10', 1, 3700.00),
(7, NULL, '2025-06-10', 12, 29900.00),
(8, 12, '2025-06-10', 7, 23100.00),
(9, 3, '2025-06-10', 2, 2800.00),
(10, 1, '2025-06-11', 15, 49600.00),
(11, NULL, '2025-06-11', 13, 31200.00),
(12, 13, '2025-06-11', 6, 13700.00),
(13, 12, '2025-06-11', 10, 30000.00),
(14, 3, '2025-06-11', 10, 11000.00),
(15, 14, '2025-06-11', 6, 12400.00),
(16, 12, '2025-06-14', 5, 16300.00),
(17, 13, '2025-06-14', 5, 11000.00),
(18, 14, '2025-06-14', 3, 7500.00),
(19, 3, '2025-06-14', 1, 1200.00),
(20, 1, '2025-06-15', 3, 9500.00),
(21, 13, '2025-06-15', 3, 7400.00),
(22, 3, '2025-06-15', 4, 4400.00),
(23, 12, '2025-06-15', 7, 26800.00),
(24, 1, '2025-07-03', 37, 117800.00),
(25, 13, '2025-07-03', 9, 18800.00),
(26, 12, '2025-07-03', 13, 43000.00),
(27, 14, '2025-07-03', 20, 36600.00),
(28, 15, '2025-07-03', 10, 19500.00),
(29, 3, '2025-07-03', 25, 28200.00),
(30, 16, '2025-07-03', 15, 13500.00),
(31, 13, '2025-07-05', 3, 6300.00),
(32, 1, '2025-07-05', 5, 16500.00),
(33, 14, '2025-07-05', 1, 2200.00),
(34, 14, '2025-07-06', 3, 6900.00),
(35, 3, '2025-07-06', 5, 5000.00),
(36, 1, '2025-07-06', 2, 6600.00),
(37, 1, '2025-07-07', 3, 9000.00),
(38, 1, '2025-07-08', 2, 6600.00),
(39, 16, '2025-07-08', 5, 3000.00),
(40, 14, '2025-07-08', 1, 2200.00),
(41, 12, '2025-07-08', 5, 15000.00);

-- --------------------------------------------------------

--
-- Table structure for table `transaction_history`
--

CREATE TABLE `transaction_history` (
  `id` int(11) NOT NULL,
  `customer_id` int(11) DEFAULT NULL,
  `invoice_number` varchar(255) NOT NULL,
  `total` decimal(10,2) NOT NULL,
  `paid` decimal(10,2) NOT NULL,
  `due_amount` decimal(10,2) NOT NULL,
  `payment_method` varchar(50) NOT NULL,
  `next_payment_date` date DEFAULT NULL,
  `items` text NOT NULL,
  `transaction_time` timestamp NOT NULL DEFAULT current_timestamp(),
  `created_at` timestamp NOT NULL DEFAULT current_timestamp()
) ENGINE=InnoDB DEFAULT CHARSET=utf8mb4 COLLATE=utf8mb4_general_ci;

--
-- Dumping data for table `transaction_history`
--

INSERT INTO `transaction_history` (`id`, `customer_id`, `invoice_number`, `total`, `paid`, `due_amount`, `payment_method`, `next_payment_date`, `items`, `transaction_time`, `created_at`) VALUES
(8, 1, 'INV-1747591264083', 4000.00, 4000.00, 0.00, 'Cash', NULL, '[{\"item\":\"Red Apple\\/AKA-123\",\"qty\":\"1\",\"rate\":\"4000\",\"amount\":\"4000.00\"}]', '2025-05-18 18:01:25', '2025-05-18 18:01:25'),
(9, 14, 'INV-1747591769977', 8100.00, 5000.00, 3100.00, 'Cash', '2025-05-20', '[{\"item\":\"White Apple\\/LM-123\",\"qty\":\"3\",\"rate\":\"2700\",\"amount\":\"8100.00\"}]', '2025-05-18 18:10:15', '2025-05-18 18:10:15'),
(10, 11, 'INV-1747591918575', 3800.00, 3800.00, 0.00, 'Online', NULL, '[{\"item\":\"Mango\\/MN-43\",\"qty\":\"2\",\"rate\":\"1900\",\"amount\":\"3800.00\"}]', '2025-05-18 18:12:34', '2025-05-18 18:12:34'),
(11, 10, 'INV-1747592818698', 8100.00, 7000.00, 1100.00, 'Online', '2025-05-20', '[{\"item\":\"White Apple\\/LM-123\",\"qty\":\"3\",\"rate\":\"2700\",\"amount\":\"8100.00\"}]', '2025-05-18 18:27:32', '2025-05-18 18:27:32'),
(12, 14, 'INV-1747592906828', 10900.00, 10000.00, 900.00, 'Cash', '2025-05-19', '[{\"item\":\"Red Apple\\/AKA-123\",\"qty\":\"1\",\"rate\":\"4500\",\"amount\":\"4500.00\"},{\"item\":\"White Apple\\/LM-123\",\"qty\":\"2\",\"rate\":\"3200\",\"amount\":\"6400.00\"}]', '2025-05-18 18:32:41', '2025-05-18 18:32:41'),
(14, 1, 'INV-1747595001863', 4500.00, 4500.00, 0.00, 'Cash', NULL, '[{\"item\":\"Red Apple\\/AKA-123\",\"qty\":\"1\",\"rate\":\"4500\",\"amount\":\"4500.00\"}]', '2025-05-18 19:03:45', '2025-05-18 19:03:45'),
(17, 14, 'INV-1747595385681', 8700.00, 6000.00, 2700.00, 'Cash', '2025-05-20', '[{\"item\":\"Red Apple\\/AKA-123\",\"qty\":\"1\",\"rate\":\"4000\",\"amount\":\"4000.00\"},{\"item\":\"White Apple\\/LM-123\",\"qty\":\"1\",\"rate\":\"2900\",\"amount\":\"2900.00\"},{\"item\":\"Mango\\/MN-43\",\"qty\":\"1\",\"rate\":\"1800\",\"amount\":\"1800.00\"}]', '2025-05-18 19:11:09', '2025-05-18 19:11:09'),
(18, 18, 'INV-1747742602447', 4700.00, 4700.00, 0.00, 'Cash', NULL, '[{\"item\":\"Red Apple\\/AKA-123\",\"qty\":\"1\",\"rate\":\"4700\",\"amount\":\"4700.00\"}]', '2025-05-20 12:04:14', '2025-05-20 12:04:14'),
(19, 16, 'INV-1747742891028', 9300.00, 8000.00, 1300.00, 'Cash', '2025-05-21', '[{\"item\":\"White Apple\\/LM-123\",\"qty\":\"3\",\"rate\":\"3100\",\"amount\":\"9300.00\"}]', '2025-05-20 12:08:41', '2025-05-20 12:08:41'),
(20, 15, 'INV-1747742922057', 1700.00, 1700.00, 0.00, 'Cash', NULL, '[{\"item\":\"Mango\\/MN-43\",\"qty\":\"1\",\"rate\":\"1700\",\"amount\":\"1700.00\"}]', '2025-05-20 12:10:20', '2025-05-20 12:10:20'),
(21, 15, 'INV-1747743615839', 1900.00, 1000.00, 900.00, 'Cash', '2025-05-21', '[{\"item\":\"Mango\\/MN-43\",\"qty\":\"1\",\"rate\":\"1900\",\"amount\":\"1900.00\"}]', '2025-05-20 12:21:21', '2025-05-20 12:21:21'),
(22, 1, 'INV-1747800791859', 5600.00, 5000.00, 600.00, 'Cash', '2025-05-22', '[{\"item\":\"Banana\\/MK-43\",\"qty\":\"4\",\"rate\":\"1400\",\"amount\":\"5600.00\"}]', '2025-05-20 19:00:00', '2025-05-21 04:15:21'),
(23, 18, 'INV-1748427589288', 5400.00, 5400.00, 0.00, 'Cash', NULL, '[{\"item\":\"White Apple\\/LM-123\",\"qty\":\"2\",\"rate\":\"2700\",\"amount\":\"5400.00\"}]', '2025-05-27 19:00:00', '2025-05-28 10:21:14'),
(24, 11, 'INV-1748681973064', 297000.00, 100000.00, 197000.00, 'Cash', '2025-06-10', '[{\"item\":\"Red Apple\\/AKA-123\",\"qty\":\"99\",\"rate\":\"3000\",\"amount\":\"297000.00\"}]', '2025-05-30 19:00:00', '2025-05-31 09:00:34'),
(25, 14, 'INV-1748682095310', 24600.00, 24600.00, 0.00, 'Cash', NULL, '[{\"item\":\"Red Apple\\/AKA-123\",\"qty\":\"4\",\"rate\":\"3200\",\"amount\":\"12800.00\"},{\"item\":\"White Apple\\/LM-123\",\"qty\":\"2\",\"rate\":\"2900\",\"amount\":\"5800.00\"},{\"item\":\"Banana\\/MK-43\",\"qty\":\"5\",\"rate\":\"1200\",\"amount\":\"6000.00\"}]', '2025-05-30 19:00:00', '2025-05-31 09:03:32'),
(26, 1, 'INV-1748682250421', 87000.00, 87000.00, 0.00, 'Cash', NULL, '[{\"item\":\"White Apple\\/LM-123\",\"qty\":\"30\",\"rate\":\"2900\",\"amount\":\"87000.00\"}]', '2025-05-30 19:00:00', '2025-05-31 09:04:50'),
(27, 3, 'INV-1748682404000', 75000.00, 75000.00, 0.00, 'Cash', NULL, '[{\"item\":\"White Apple\\/LM-123\",\"qty\":\"30\",\"rate\":\"2500\",\"amount\":\"75000.00\"}]', '2025-05-30 19:00:00', '2025-05-31 09:07:10'),
(28, 17, 'INV-1748682635531', 78400.00, 78400.00, 0.00, 'Cash', NULL, '[{\"item\":\"White Apple\\/LM-123\",\"qty\":\"28\",\"rate\":\"2800\",\"amount\":\"78400.00\"}]', '2025-05-30 19:00:00', '2025-05-31 09:11:39'),
(30, 10, 'INV-1748784770342', 15000.00, 10000.00, 5000.00, 'Cash', '2025-06-05', '[{\"item\":\"Red Apple\\/AKA-123\",\"qty\":\"5\",\"rate\":\"3000\",\"amount\":\"15000.00\"}]', '2025-05-31 19:00:00', '2025-06-01 13:33:42'),
(31, 16, 'INV-1748785082179', 8900.00, 7000.00, 1900.00, 'Cash', '2025-06-02', '[{\"item\":\"Mango\\/MN-43\",\"qty\":\"2\",\"rate\":\"3000\",\"amount\":\"6000.00\"},{\"item\":\"White Apple\\/LM-123\",\"qty\":\"1\",\"rate\":\"2900\",\"amount\":\"2900.00\"}]', '2025-05-31 19:00:00', '2025-06-01 13:38:42'),
(32, 18, 'INV-1748785438900', 2200.00, 2200.00, 0.00, 'Cash', NULL, '[{\"item\":\"Banana\\/MK-43\",\"qty\":\"1\",\"rate\":\"2200\",\"amount\":\"2200.00\"}]', '2025-05-31 19:00:00', '2025-06-01 13:44:27'),
(33, 17, 'INV-1748785690104', 6000.00, 5000.00, 1000.00, 'Cash', '2025-06-03', '[{\"item\":\"Mango\\/MN-43\",\"qty\":\"3\",\"rate\":\"2000\",\"amount\":\"6000.00\"}]', '2025-05-31 19:00:00', '2025-06-01 13:49:08'),
(34, 10, 'INV-1748791922576', 4000.00, 4000.00, 0.00, 'Cash', NULL, '[{\"item\":\"Red Apple\\/AKA-123\",\"qty\":\"1\",\"rate\":\"4000\",\"amount\":\"4000.00\"}]', '2025-06-01 00:00:00', '2025-06-01 15:32:20'),
(35, 18, 'INV-1748792059841', 3800.00, 3800.00, 0.00, 'Online', NULL, '[{\"item\":\"Pomegranat\\/km-68\",\"qty\":\"1\",\"rate\":\"3800\",\"amount\":\"3800.00\"}]', '2025-06-01 00:00:00', '2025-06-01 15:34:44'),
(36, 10, 'INV-1748792184997', 2900.00, 2900.00, 0.00, 'Cash', NULL, '[{\"item\":\"Mango\\/MN-43\",\"qty\":\"1\",\"rate\":\"2900\",\"amount\":\"2900.00\"}]', '2025-06-01 00:00:00', '2025-06-01 15:36:46'),
(37, 16, 'INV-1748792477673', 3000.00, 3000.00, 0.00, 'Cash', NULL, '[{\"item\":\"White Apple\\/LM-123\",\"qty\":\"1\",\"rate\":\"3000\",\"amount\":\"3000.00\"}]', '2025-06-01 15:41:46', '2025-06-01 15:41:46'),
(38, 17, 'INV-1748792705241', 21600.00, 10000.00, 11600.00, 'Online', '2025-06-10', '[{\"item\":\"White Apple\\/LM-123\",\"qty\":\"8\",\"rate\":\"2700\",\"amount\":\"21600.00\"}]', '2025-06-01 15:45:50', '2025-06-01 15:45:50'),
(39, 18, 'INV-1748793582484', 3700.00, 3700.00, 0.00, 'Online', NULL, '[{\"item\":\"Red Apple\\/AKA-123\",\"qty\":\"1\",\"rate\":\"3700\",\"amount\":\"3700.00\"}]', '2025-06-01 16:00:20', '2025-06-01 16:00:20'),
(40, 18, 'INV-1748793582484', 3700.00, 3700.00, 0.00, 'Online', NULL, '[{\"item\":\"Red Apple\\/AKA-123\",\"qty\":\"1\",\"rate\":\"3700\",\"amount\":\"3700.00\"}]', '2025-06-01 16:00:21', '2025-06-01 16:00:21'),
(41, 18, 'INV-1748793732844', 2700.00, 2700.00, 0.00, 'Online', NULL, '[{\"item\":\"White Apple\\/LM-123\",\"qty\":\"1\",\"rate\":\"2700\",\"amount\":\"2700.00\"}]', '2025-06-01 16:02:36', '2025-06-01 16:02:36'),
(42, 18, 'INV-1748793732844', 2700.00, 2700.00, 0.00, 'Online', NULL, '[{\"item\":\"White Apple\\/LM-123\",\"qty\":\"1\",\"rate\":\"2700\",\"amount\":\"2700.00\"}]', '2025-06-01 16:02:40', '2025-06-01 16:02:40'),
(43, 16, 'INV-1748793932405', 2200.00, 2200.00, 0.00, 'Cash', NULL, '[{\"item\":\"Banana\\/MK-43\",\"qty\":\"1\",\"rate\":\"2200\",\"amount\":\"2200.00\"}]', '2025-06-01 16:05:54', '2025-06-01 16:05:54'),
(44, 16, 'INV-1748793932405', 2200.00, 2200.00, 0.00, 'Cash', NULL, '[{\"item\":\"Banana\\/MK-43\",\"qty\":\"1\",\"rate\":\"2200\",\"amount\":\"2200.00\"}]', '2025-06-01 16:05:57', '2025-06-01 16:05:57'),
(45, 10, 'INV-1748798054680', 3800.00, 2000.00, 1800.00, 'Online', '2025-06-02', '[{\"item\":\"Red Apple\\/AKA-123\",\"qty\":\"1\",\"rate\":\"3800\",\"amount\":\"3800.00\"}]', '2025-06-01 17:14:53', '2025-06-01 17:14:53'),
(46, 10, 'INV-1748798054680', 3800.00, 2000.00, 1800.00, 'Online', '2025-06-02', '[{\"item\":\"Red Apple\\/AKA-123\",\"qty\":\"1\",\"rate\":\"3800\",\"amount\":\"3800.00\"}]', '2025-06-01 17:14:55', '2025-06-01 17:14:55'),
(56, 10, 'INV-1748852232949', 1200.00, 1200.00, 0.00, 'Cash', NULL, '[{\"item\":\"Banana\\/MK-43\",\"qty\":\"1\",\"rate\":\"1200\",\"amount\":\"1200.00\"}]', '2025-06-02 08:17:41', '2025-06-02 08:17:41'),
(57, 10, 'INV-1748852465816', 11000.00, 10000.00, 1000.00, 'Cash', '2025-06-03', '[{\"item\":\"Banana\\/MK-43\",\"qty\":\"11\",\"rate\":\"1000\",\"amount\":\"11000.00\"}]', '2025-06-02 08:21:49', '2025-06-02 08:21:49'),
(58, 18, 'INV-1748852869350', 11000.00, 10000.00, 1000.00, 'Cash', NULL, '[{\"item\":\"Banana\\/MK-43\",\"qty\":\"11\",\"rate\":\"1000\",\"amount\":\"11000.00\"}]', '2025-06-02 08:28:26', '2025-06-02 08:28:26'),
(59, 16, 'INV-1748853020317', 6400.00, 5000.00, 1400.00, 'Cash', '2025-06-03', '[{\"item\":\"Mango\\/MN-43\",\"qty\":\"2\",\"rate\":\"3200\",\"amount\":\"6400.00\"}]', '2025-06-02 08:31:34', '2025-06-02 08:31:35'),
(60, 18, 'INV-1748853270695', 14000.00, 10000.00, 4000.00, 'Cash', '2025-06-05', '[{\"item\":\"Pomegranat\\/km-68\",\"qty\":\"4\",\"rate\":\"3500\",\"amount\":\"14000.00\"}]', '2025-06-02 08:36:38', '2025-06-02 08:36:38'),
(61, 10, 'INV-1748853711753', 19000.00, 10000.00, 9000.00, 'Cash', '2025-06-05', '[{\"item\":\"Pomegranat\\/km-68\",\"qty\":\"5\",\"rate\":\"3800\",\"amount\":\"19000.00\"}]', '2025-06-02 08:42:20', '2025-06-02 08:42:20'),
(62, 10, 'INV-1748853754505', 12400.00, 12400.00, 0.00, 'Cash', NULL, '[{\"item\":\"Mango\\/MN-43\",\"qty\":\"2\",\"rate\":\"2800\",\"amount\":\"5600.00\"},{\"item\":\"Banana\\/MK-43\",\"qty\":\"4\",\"rate\":\"1700\",\"amount\":\"6800.00\"}]', '2025-06-02 08:52:00', '2025-06-02 08:52:00'),
(63, 10, 'INV-1748855972181', 8800.00, 5000.00, 3800.00, 'Cash', '2025-06-05', '[{\"item\":\"Red Apple\\/AKA-123\",\"qty\":\"1\",\"rate\":\"3800\",\"amount\":\"3800.00\"},{\"item\":\"Mango\\/MN-43\",\"qty\":\"2\",\"rate\":\"2500\",\"amount\":\"5000.00\"}]', '2025-06-02 09:20:22', '2025-06-02 09:20:22'),
(64, 10, 'INV-1749013687747', 8200.00, 8200.00, 0.00, 'Cash', NULL, '[{\"item\":\"Red Apple\\/AKA-123\",\"qty\":\"1\",\"rate\":\"3800\",\"amount\":\"3800.00\"},{\"item\":\"Mango\\/MN-43\",\"qty\":\"2\",\"rate\":\"2200\",\"amount\":\"4400.00\"}]', '2025-06-04 05:08:54', '2025-06-04 05:08:54'),
(65, 10, 'INV-1749013931237', 6500.00, 6500.00, 0.00, 'Cash', NULL, '[{\"item\":\"Banana\\/MK-43\",\"qty\":\"1\",\"rate\":\"1100\",\"amount\":\"1100.00\"},{\"item\":\"White Apple\\/LM-123\",\"qty\":\"2\",\"rate\":\"2700\",\"amount\":\"5400.00\"}]', '2025-06-04 05:13:01', '2025-06-04 05:13:01'),
(66, 10, 'INV-1749013931237', 6500.00, 6500.00, 0.00, 'Cash', NULL, '[{\"item\":\"Banana\\/MK-43\",\"qty\":\"1\",\"rate\":\"1100\",\"amount\":\"1100.00\"},{\"item\":\"White Apple\\/LM-123\",\"qty\":\"2\",\"rate\":\"2700\",\"amount\":\"5400.00\"}]', '2025-06-04 05:13:02', '2025-06-04 05:13:02'),
(67, 10, 'INV-1749014282270', 8900.00, 8900.00, 0.00, 'Cash', NULL, '[{\"item\":\"Red Apple\\/AKA-123\",\"qty\":\"1\",\"rate\":\"4000\",\"amount\":\"4000.00\"},{\"item\":\"Mango\\/MN-43\",\"qty\":\"1\",\"rate\":\"2200\",\"amount\":\"2200.00\"},{\"item\":\"White Apple\\/LM-123\",\"qty\":\"1\",\"rate\":\"2700\",\"amount\":\"2700.00\"}]', '2025-06-04 05:18:55', '2025-06-04 05:18:55'),
(68, 10, 'INV-1749014363882', 7900.00, 5000.00, 2900.00, 'Online', '2025-06-05', '[{\"item\":\"Red Apple\\/AKA-123\",\"qty\":\"1\",\"rate\":\"4000\",\"amount\":\"4000.00\"},{\"item\":\"Pomegranat\\/km-68\",\"qty\":\"1\",\"rate\":\"3900\",\"amount\":\"3900.00\"}]', '2025-06-04 05:29:51', '2025-06-04 05:29:51'),
(69, 10, 'INV-1749020716407', 3800.00, 3800.00, 0.00, 'Cash', NULL, '[{\"item\":\"Pomegranat\\/km-68\",\"qty\":\"1\",\"rate\":\"3800\",\"amount\":\"3800.00\"}]', '2025-06-04 07:14:23', '2025-06-04 07:14:23'),
(70, 10, 'INV-1749020716407', 3800.00, 3800.00, 0.00, 'Cash', NULL, '[{\"item\":\"Pomegranat\\/km-68\",\"qty\":\"1\",\"rate\":\"3800\",\"amount\":\"3800.00\"}]', '2025-06-04 07:14:26', '2025-06-04 07:14:26'),
(71, 10, 'INV-1749021289335', 17000.00, 10000.00, 7000.00, 'Online', '2025-05-04', '[{\"item\":\"White Apple\\/LM-123\",\"qty\":\"2\",\"rate\":\"3000\",\"amount\":\"6000.00\"},{\"item\":\"Mango\\/MN-43\",\"qty\":\"5\",\"rate\":\"2200\",\"amount\":\"11000.00\"}]', '2025-06-04 07:15:50', '2025-06-04 07:15:50'),
(72, 10, 'INV-1749021351358', 1200.00, 0.00, 1200.00, 'Online', NULL, '[{\"item\":\"Banana\\/MK-43\",\"qty\":\"1\",\"rate\":\"1200\",\"amount\":\"1200.00\"}]', '2025-06-04 07:16:47', '2025-06-04 07:16:47'),
(73, 10, 'INV-1749567514612', 16200.00, 10000.00, 6200.00, 'Cash', '2025-06-11', '[{\"item\":\"Red Apple\\/AKA-123\",\"qty\":\"1\",\"rate\":\"3700\",\"amount\":\"3700.00\"},{\"item\":\"Mango\\/MN-43\",\"qty\":\"5\",\"rate\":\"2500\",\"amount\":\"12500.00\"}]', '2025-06-10 14:59:39', '2025-06-10 14:59:40'),
(74, 10, 'INV-1749567665348', 12000.00, 0.00, 12000.00, 'Cash', '2025-06-12', '[{\"item\":\"Mango\\/MN-43\",\"qty\":\"5\",\"rate\":\"2400\",\"amount\":\"12000.00\"}]', '2025-06-10 15:01:47', '2025-06-10 15:01:47'),
(76, 10, 'INV-1749568352851', 5400.00, 5000.00, 400.00, 'Cash', '2025-05-11', '[{\"item\":\"Mango\\/MN-43\",\"qty\":\"2\",\"rate\":\"2700\",\"amount\":\"5400.00\"}]', '2025-06-10 15:13:16', '2025-06-10 15:13:16'),
(77, 10, 'INV-1749569915948', 23100.00, 10000.00, 13100.00, 'Cash', '2025-06-11', '[{\"item\":\"Pomegranat\\/km-68\",\"qty\":\"7\",\"rate\":\"3300\",\"amount\":\"23100.00\"}]', '2025-06-10 15:39:16', '2025-06-10 15:39:16'),
(79, 10, 'INV-1749570040583', 2800.00, 0.00, 2800.00, 'Online', '2025-06-12', '[{\"item\":\"Banana\\/MK-43\",\"qty\":\"2\",\"rate\":\"1400\",\"amount\":\"2800.00\"}]', '2025-06-10 15:41:42', '2025-06-10 15:41:43'),
(81, NULL, 'INV-1749567514612', 16200.00, 11200.00, 5000.00, 'Cash', '2025-06-12', '[{\"item\":\"Red Apple\\/AKA-123\",\"qty\":\"1\",\"rate\":\"3700\",\"amount\":\"3700.00\"},{\"item\":\"Mango\\/MN-43\",\"qty\":\"5\",\"rate\":\"2500\",\"amount\":\"12500.00\"}]', '2025-06-11 12:43:38', '2025-06-11 12:43:38'),
(82, NULL, 'INV-1749570040583', 2800.00, 1800.00, 1000.00, 'Online', '2025-06-12', '[{\"item\":\"Banana\\/MK-43\",\"qty\":\"2\",\"rate\":\"1400\",\"amount\":\"2800.00\"}]', '2025-06-11 12:50:23', '2025-06-11 12:50:23'),
(83, NULL, 'INV-1749570040583', 2800.00, 2300.00, 500.00, 'Online', '2025-06-12', '[{\"item\":\"Banana\\/MK-43\",\"qty\":\"2\",\"rate\":\"1400\",\"amount\":\"2800.00\"}]', '2025-06-11 12:51:00', '2025-06-11 12:51:00'),
(84, NULL, 'INV-1749569915948', 23100.00, 13100.00, 10000.00, 'Cash', '2025-06-12', '[{\"item\":\"Pomegranat\\/km-68\",\"qty\":\"7\",\"rate\":\"3300\",\"amount\":\"23100.00\"}]', '2025-06-11 13:05:51', '2025-06-11 13:05:51'),
(85, 10, 'INV-1749569915948', 23100.00, 13100.00, 10000.00, 'Cash', '2025-06-12', '[{\"item\":\"Pomegranat\\/km-68\",\"qty\":\"7\",\"rate\":\"3300\",\"amount\":\"23100.00\"}]', '2025-06-10 15:39:16', '2025-06-11 13:08:48'),
(86, 10, 'INV-1749647868721', 3500.00, 3500.00, 0.00, 'Cash', NULL, '[{\"item\":\"Red Apple\\/AKA-123\",\"qty\":\"1\",\"rate\":\"3500\",\"amount\":\"3500.00\"}]', '2025-06-11 13:18:12', '2025-06-11 13:18:12'),
(87, 10, 'INV-1749647868721', 3500.00, 3500.00, 0.00, 'Cash', NULL, '[{\"item\":\"Red Apple\\/AKA-123\",\"qty\":\"1\",\"rate\":\"3500\",\"amount\":\"3500.00\"}]', '2025-06-11 13:18:13', '2025-06-11 13:18:13'),
(99, 10, 'INV-1749649158814', 3700.00, 3700.00, 0.00, 'Cash', NULL, '[{\"item\":\"Red Apple\\/AKA-123\",\"qty\":\"1\",\"rate\":\"3700\",\"amount\":\"3700.00\"}]', '2025-06-11 13:40:34', '2025-06-11 13:40:34'),
(103, 10, 'INV-1749649733461', 6800.00, 6800.00, 0.00, 'Cash', NULL, '[{\"item\":\"Red Apple\\/AKA-123\",\"qty\":\"2\",\"rate\":\"3400\",\"amount\":\"6800.00\"}]', '2025-06-11 13:49:17', '2025-06-11 13:49:17'),
(108, 10, 'INV-1749650523148', 8700.00, 8700.00, 0.00, 'Cash', NULL, '[{\"item\":\"Mango\\/MN-43\",\"qty\":\"3\",\"rate\":\"2900\",\"amount\":\"8700.00\"}]', '2025-06-11 14:03:21', '2025-06-11 14:03:21'),
(109, 10, 'INV-1749650698929', 2700.00, 1500.00, 1200.00, 'Cash', '2025-06-12', '[{\"item\":\"White Apple\\/LM-123\",\"qty\":\"1\",\"rate\":\"2700\",\"amount\":\"2700.00\"}]', '2025-06-11 14:05:23', '2025-06-11 14:05:23'),
(111, 10, 'INV-1749650737647', 30000.00, 10000.00, 20000.00, 'Cash', '2025-06-18', '[{\"item\":\"Pomegranat\\/km-68\",\"qty\":\"10\",\"rate\":\"3000\",\"amount\":\"30000.00\"}]', '2025-06-11 14:06:37', '2025-06-11 14:06:38'),
(112, NULL, 'INV-1749650737647', 30000.00, 15000.00, 15000.00, 'Cash', '2025-06-18', 'Pomegranat/km-68 (Qty: 10, Rate: 3000, Amount: 30000.00)', '2025-06-11 14:07:32', '2025-06-11 14:07:32'),
(113, 10, 'INV-1749650698929', 2700.00, 1500.00, 1200.00, 'Cash', '2025-06-12', 'White Apple/LM-123 (Qty: 1, Rate: 2700, Amount: 2700.00)', '2025-06-11 14:05:23', '2025-06-11 14:08:06'),
(114, NULL, 'INV-1749650737647', 30000.00, 20000.00, 10000.00, 'Cash', '2025-06-15', 'Pomegranat/km-68 (Qty: 10, Rate: 3000, Amount: 30000.00)', '2025-06-11 15:48:00', '2025-06-11 15:48:00'),
(115, 10, 'INV-1749650737647', 30000.00, 27000.00, 3000.00, 'Cash', '2025-06-12', 'Pomegranat/km-68 (Qty: 10, Rate: 3000, Amount: 30000.00)', '2025-06-11 14:06:37', '2025-06-11 15:58:44'),
(116, 10, 'INV-1749650737647', 30000.00, 27000.00, 3000.00, 'Cash', '2025-06-12', 'Pomegranat/km-68 (Qty: 10, Rate: 3000, Amount: 30000.00)', '2025-06-11 14:06:37', '2025-06-11 16:05:25'),
(117, 10, 'INV-1749657931511', 11000.00, 5000.00, 6000.00, 'Cash', '2025-06-12', '[{\"item\":\"Mango\\/MN-43\",\"qty\":\"5\",\"rate\":\"2200\",\"amount\":\"11000.00\"}]', '2025-06-11 16:06:11', '2025-06-11 16:06:11'),
(118, 10, 'INV-1749657987818', 11200.00, 5000.00, 6200.00, 'Online', '2025-06-12', '[{\"item\":\"Red Apple\\/AKA-123\",\"qty\":\"2\",\"rate\":\"3400\",\"amount\":\"6800.00\"},{\"item\":\"White Apple\\/LM-123\",\"qty\":\"2\",\"rate\":\"2200\",\"amount\":\"4400.00\"}]', '2025-06-11 16:07:07', '2025-06-11 16:07:07'),
(120, 10, 'INV-1749657987818', 11200.00, 9200.00, 2000.00, 'Online', '2025-05-12', 'Red Apple/AKA-123 (Qty: 2, Rate: 3400, Amount: 6800.00); White Apple/LM-123 (Qty: 2, Rate: 2200, Amount: 4400.00)', '2025-06-11 16:07:07', '2025-06-11 16:14:22'),
(121, 10, 'INV-1749657987818', 11200.00, 10200.00, 1000.00, 'Online', '2025-06-12', 'Red Apple/AKA-123 (Qty: 2, Rate: 3400, Amount: 6800.00); White Apple/LM-123 (Qty: 2, Rate: 2200, Amount: 4400.00)', '2025-06-11 16:07:07', '2025-06-11 16:19:30'),
(122, 10, 'INV-1749657987818', 11200.00, 10200.00, 1000.00, 'Online', '2025-06-12', 'Red Apple/AKA-123 (Qty: 2, Rate: 3400, Amount: 6800.00); White Apple/LM-123 (Qty: 2, Rate: 2200, Amount: 4400.00)', '2025-06-11 16:07:07', '2025-06-11 16:21:48'),
(123, 10, 'INV-1749657931511', 11000.00, 6000.00, 5000.00, 'Cash', '2025-06-12', 'Mango/MN-43 (Qty: 5, Rate: 2200, Amount: 11000.00)', '2025-06-11 14:21:17', '2025-06-11 17:21:17'),
(124, 10, 'INV-1749657931511', 11000.00, 8500.00, 2500.00, 'Cash', '2025-06-13', 'Mango/MN-43 (Qty: 5, Rate: 2200, Amount: 11000.00)', '2025-06-11 17:26:31', '2025-06-11 17:26:31'),
(125, 10, 'INV-1749657931511', 11000.00, 10000.00, 1000.00, 'Cash', '2025-06-12', 'Mango/MN-43 (Qty: 5, Rate: 2200, Amount: 11000.00)', '2025-06-11 17:27:11', '2025-06-11 17:27:11'),
(126, 10, 'INV-1749657931511', 11000.00, 10000.00, 1000.00, 'Cash', '2025-06-12', 'Mango/MN-43 (Qty: 5, Rate: 2200, Amount: 11000.00)', '2025-06-11 16:06:11', '2025-06-11 17:27:46'),
(127, 10, 'INV-1749662873916', 3700.00, 3000.00, 700.00, 'Cash', '2025-06-12', '[{\"item\":\"Red Apple\\/AKA-123\",\"qty\":\"1\",\"rate\":\"3700\",\"amount\":\"3700.00\"}]', '2025-06-11 17:34:09', '2025-06-11 17:34:09'),
(128, 10, 'INV-1749662873916', 3700.00, 3200.00, 500.00, 'Cash', '2025-06-11', 'Red Apple/AKA-123 (Qty: 1, Rate: 3700, Amount: 3700.00)', '2025-06-11 17:34:51', '2025-06-11 17:34:51'),
(129, 10, 'INV-1749662873916', 3700.00, 3200.00, 500.00, 'Cash', '2025-06-11', 'Red Apple/AKA-123 (Qty: 1, Rate: 3700, Amount: 3700.00)', '2025-06-11 17:34:09', '2025-06-11 17:35:32'),
(130, 19, 'INV-1749663635043', 11500.00, 5000.00, 6500.00, 'Cash', '2025-06-12', '[{\"item\":\"Mango\\/MN-43\",\"qty\":\"5\",\"rate\":\"2300\",\"amount\":\"11500.00\"}]', '2025-06-11 17:41:07', '2025-06-11 17:41:07'),
(131, 19, 'INV-1749663635043', 11500.00, 6500.00, 5000.00, 'Cash', '2025-05-11', 'Mango/MN-43 (Qty: 5, Rate: 2300, Amount: 11500.00)', '2025-06-11 17:42:04', '2025-06-11 17:42:04'),
(132, 19, 'INV-1749663635043', 11500.00, 6500.00, 5000.00, 'Cash', '2025-05-11', 'Mango/MN-43 (Qty: 5, Rate: 2300, Amount: 11500.00)', '2025-06-11 17:42:23', '2025-06-11 17:42:23'),
(133, 10, 'INV-1749663747410', 19000.00, 10000.00, 9000.00, 'Cash', '2025-06-12', '[{\"item\":\"Banana\\/MK-43\",\"qty\":\"10\",\"rate\":\"1100\",\"amount\":\"11000.00\"},{\"item\":\"Mango\\/gift\\/49\",\"qty\":\"4\",\"rate\":\"2000\",\"amount\":\"8000.00\"}]', '2025-06-11 17:50:47', '2025-06-11 17:50:47'),
(134, 19, 'INV-1749664261987', 13200.00, 10000.00, 3200.00, 'Cash', '2025-06-12', '[{\"item\":\"White Apple\\/LM-123\",\"qty\":\"3\",\"rate\":\"2200\",\"amount\":\"6600.00\"},{\"item\":\"Red Apple\\/AKA-123\",\"qty\":\"2\",\"rate\":\"3300\",\"amount\":\"6600.00\"}]', '2025-06-11 18:00:28', '2025-06-11 18:00:28'),
(136, 19, 'INV-1749664261987', 13200.00, 11200.00, 2000.00, 'Cash', '2025-06-12', 'White Apple/LM-123 (3 x 2200)\nRed Apple/AKA-123 (2 x 3300)\n', '2025-06-11 18:02:00', '2025-06-11 18:02:00'),
(137, 19, 'INV-1749664261987', 13200.00, 11200.00, 2000.00, 'Cash', '2025-06-12', 'White Apple/LM-123 (Qty: 3, Rate: 2200, Amount: 6600.00); Red Apple/AKA-123 (Qty: 2, Rate: 3300, Amount: 6600.00)', '2025-06-11 18:14:02', '2025-06-11 18:14:02'),
(138, 10, 'INV-1749663747410', 19000.00, 18500.00, 500.00, 'Cash', '2025-06-12', 'Banana/MK-43 (10 x 1100)\nMango/gift/49 (4 x 2000)\n', '2025-06-11 18:14:36', '2025-06-11 18:14:36'),
(139, 10, 'INV-1749663747410', 19000.00, 18500.00, 500.00, 'Cash', '2025-06-12', 'Banana/MK-43 (Qty: 10, Rate: 1100, Amount: 11000.00); Mango/gift/49 (Qty: 4, Rate: 2000, Amount: 8000.00)', '2025-06-11 18:15:02', '2025-06-11 18:15:02'),
(140, 19, 'INV-1749665826480', 15000.00, 10000.00, 5000.00, 'Cash', '2025-06-12', '[{\"item\":\"Red Apple\\/AKA-123\",\"qty\":\"5\",\"rate\":\"3000\",\"amount\":\"15000.00\"}]', '2025-06-11 18:17:41', '2025-06-11 18:17:41'),
(141, 19, 'INV-1749665826480', 15000.00, 12000.00, 3000.00, 'Cash', '2025-06-12', 'Red Apple/AKA-123 (5 x 3000)\n', '2025-06-11 18:18:14', '2025-06-11 18:18:14'),
(142, 19, 'INV-1749665826480', 15000.00, 12000.00, 3000.00, 'Cash', '2025-06-12', 'Red Apple/AKA-123 (Qty: 5, Rate: 3000, Amount: 15000.00)', '2025-06-11 18:18:39', '2025-06-11 18:18:39'),
(143, 10, 'INV-1749666109120', 4400.00, 3000.00, 1400.00, 'Cash', '2025-06-12', '[{\"item\":\"Mango\\/gift\\/49\",\"qty\":\"2\",\"rate\":\"2200\",\"amount\":\"4400.00\"}]', '2025-06-11 18:22:22', '2025-06-11 18:22:22'),
(144, 10, 'INV-1749666109120', 4400.00, 3400.00, 1000.00, 'Cash', '2025-06-12', 'Mango/gift/49 (2 x 2200)\n', '2025-06-11 18:23:09', '2025-06-11 18:23:09'),
(145, 10, 'INV-1749666109120', 4400.00, 4400.00, 0.00, 'Cash', '2025-06-12', 'Mango/gift/49 (Qty: 2, Rate: 2200, Amount: 4400.00)', '2025-06-11 18:23:32', '2025-06-11 18:23:32'),
(146, 19, 'INV-1749666674257', 0.00, 0.00, 0.00, 'Cash', NULL, '[{\"item\":\"Mango\\/MN-43\",\"qty\":\"0\",\"rate\":\"1000\",\"amount\":\"0.00\"}]', '2025-06-11 18:31:41', '2025-06-11 18:31:41'),
(147, 19, 'INV-1749877809091', 4000.00, 2000.00, 2000.00, 'Cash', '2025-06-15', '[{\"item\":\"Pomegranat\\/km-68\",\"qty\":\"1\",\"rate\":\"4000\",\"amount\":\"4000.00\"}]', '2025-06-14 05:10:42', '2025-06-14 05:10:42'),
(148, 19, 'INV-1749877809091', 4000.00, 3000.00, 1000.00, 'Cash', '2025-06-15', 'Pomegranat/km-68 (1 x 4000)\n', '2025-06-14 05:11:23', '2025-06-14 05:11:23'),
(149, 19, 'INV-1749877809091', 4000.00, 3500.00, 500.00, 'Cash', '2025-06-15', 'Pomegranat/km-68 (1 x 4000)\n', '2025-06-14 18:26:49', '2025-06-14 18:26:49'),
(150, 10, 'INV-1749925682318', 11000.00, 5000.00, 6000.00, 'Cash', '2025-06-15', '[{\"item\":\"White Apple\\/LM-123\",\"qty\":\"5\",\"rate\":\"2200\",\"amount\":\"11000.00\"}]', '2025-06-14 18:28:35', '2025-06-14 18:28:35'),
(152, 19, 'INV-1749877809091', 4000.00, 4000.00, 0.00, 'Cash', '2025-06-15', 'Pomegranat/km-68 (1 x 4000)\n', '2025-06-14 18:29:19', '2025-06-14 18:29:19'),
(153, 10, 'INV-1749925682318', 11000.00, 10000.00, 1000.00, 'Cash', '2025-05-16', 'White Apple/LM-123 (5 x 2200)\n', '2025-06-14 18:31:14', '2025-06-14 18:31:14'),
(154, 10, 'INV-1749925682318', 11000.00, 11000.00, 0.00, 'Cash', '2025-05-16', 'White Apple/LM-123 (5 x 2200)\n', '2025-06-14 18:31:41', '2025-06-14 18:31:41'),
(155, 10, 'INV-1749926139459', 10800.00, 5800.00, 5000.00, 'Cash', '2025-06-16', '[{\"item\":\"Mango\\/gift\\/49\",\"qty\":\"3\",\"rate\":\"2500\",\"amount\":\"7500.00\"},{\"item\":\"Pomegranat\\/km-68\",\"qty\":\"1\",\"rate\":\"3300\",\"amount\":\"3300.00\"}]', '2025-06-14 18:36:26', '2025-06-14 18:36:26'),
(157, 10, 'INV-1749926139459', 10800.00, 8300.00, 2500.00, 'Cash', '2025-05-16', 'Mango/gift/49 (3 x 2500)\nPomegranat/km-68 (1 x 3300)\n', '2025-06-14 18:37:28', '2025-06-14 18:37:28'),
(158, 10, 'INV-1749926139459', 10800.00, 10800.00, 0.00, 'Cash', '2025-05-16', 'Mango/gift/49 (3 x 2500)\nPomegranat/km-68 (1 x 3300)\n', '2025-06-14 18:39:40', '2025-06-14 18:39:40'),
(159, 10, 'INV-1749926384660', 9000.00, 5000.00, 4000.00, 'Cash', '2025-06-16', '[{\"item\":\"Pomegranat\\/km-68\",\"qty\":\"3\",\"rate\":\"3000\",\"amount\":\"9000.00\"}]', '2025-06-14 18:43:11', '2025-06-14 18:43:11'),
(160, 10, 'INV-1749926384660', 9000.00, 9000.00, 0.00, 'Cash', NULL, 'Pomegranat/km-68 (3 x 3000)\n', '2025-06-14 18:43:37', '2025-06-14 18:43:37'),
(161, 10, 'INV-1749928944801', 1200.00, 1200.00, 0.00, 'Online', NULL, '[{\"item\":\"Banana\\/MK-43\",\"qty\":\"1\",\"rate\":\"1200\",\"amount\":\"1200.00\"}]', '2025-06-14 19:22:52', '2025-06-14 19:22:52'),
(162, 10, 'INV-1749982724585', 15200.00, 10000.00, 5200.00, 'Cash', '2025-06-16', '[{\"item\":\"Red Apple\\/AKA-123\",\"qty\":\"2\",\"rate\":\"3000\",\"amount\":\"6000.00\"},{\"item\":\"White Apple\\/LM-123\",\"qty\":\"2\",\"rate\":\"2400\",\"amount\":\"4800.00\"},{\"item\":\"Banana\\/MK-43\",\"qty\":\"4\",\"rate\":\"1100\",\"amount\":\"4400.00\"}]', '2025-06-15 11:46:01', '2025-06-15 11:46:01'),
(163, 19, 'INV-1749987973024', 19000.00, 19000.00, 0.00, 'Cash', NULL, '[{\"item\":\"Pomegranat\\/km-68\",\"qty\":\"5\",\"rate\":\"3800\",\"amount\":\"19000.00\"}]', '2025-06-15 11:47:03', '2025-06-15 11:47:03'),
(164, 10, 'INV-1749982724585', 15200.00, 15200.00, 0.00, 'Cash', NULL, 'Red Apple/AKA-123 (2 x 3000)\nWhite Apple/LM-123 (2 x 2400)\nBanana/MK-43 (4 x 1100)\n', '2025-06-15 11:52:21', '2025-06-15 11:52:21'),
(165, 10, 'INV-1749990095452', 10000.00, 5000.00, 5000.00, 'Cash', '2025-06-17', '[{\"item\":\"Red Apple\\/AKA-123\",\"qty\":\"1\",\"rate\":\"3500\",\"amount\":\"3500.00\"},{\"item\":\"White Apple\\/LM-123\",\"qty\":\"1\",\"rate\":\"2600\",\"amount\":\"2600.00\"},{\"item\":\"Pomegranat\\/km-68\",\"qty\":\"1\",\"rate\":\"3900\",\"amount\":\"3900.00\"}]', '2025-06-15 12:23:31', '2025-06-15 12:23:31'),
(166, 10, 'INV-1749990095452', 10000.00, 7500.00, 2500.00, 'Cash', '2025-06-16', 'Red Apple/AKA-123 (1 x 3500)\nWhite Apple/LM-123 (1 x 2600)\nPomegranat/km-68 (1 x 3900)\n', '2025-06-15 12:24:31', '2025-06-15 12:24:31'),
(167, 19, 'INV-1749995350762', 3900.00, 3000.00, 900.00, 'Cash', '2025-06-16', '[{\"item\":\"Pomegranat\\/km-68\",\"qty\":\"1\",\"rate\":\"3900\",\"amount\":\"3900.00\"}]', '2025-06-15 13:50:10', '2025-06-15 13:50:10'),
(168, 19, 'INV-1749995350762', 3900.00, 3900.00, 0.00, 'Cash', NULL, 'Pomegranat/km-68 (1 x 3900)\n', '2025-06-15 13:55:44', '2025-06-15 13:55:44'),
(169, 10, 'INV-1749990095452', 10000.00, 10000.00, 0.00, 'Cash', NULL, 'Red Apple/AKA-123 (1 x 3500)\nWhite Apple/LM-123 (1 x 2600)\nPomegranat/km-68 (1 x 3900)\n', '2025-07-03 15:18:18', '2025-07-03 15:18:18'),
(170, 19, 'INV-1751555947918', 34300.00, 20000.00, 14300.00, 'Cash', '0000-00-00', '[{\"item\":\"Red Apple\\/AKA-123\",\"qty\":\"7\",\"rate\":\"2900\",\"amount\":\"20300.00\"},{\"item\":\"White Apple\\/LM-123\",\"qty\":\"7\",\"rate\":\"2000\",\"amount\":\"14000.00\"}]', '2025-07-03 15:20:02', '2025-07-03 15:20:02'),
(171, 19, 'INV-1751555947918', 34300.00, 34300.00, 0.00, 'Cash', NULL, 'Red Apple/AKA-123 (7 x 2900)\nWhite Apple/LM-123 (7 x 2000)\n', '2025-07-03 15:21:20', '2025-07-03 15:21:20'),
(172, 22, 'INV-1751558294497', 10500.00, 5000.00, 5500.00, 'Cash', '2025-07-04', '[{\"item\":\"Pomegranat\\/km-68\",\"qty\":\"3\",\"rate\":\"3500\",\"amount\":\"10500.00\"}]', '2025-07-03 15:58:59', '2025-07-03 15:58:59'),
(173, 22, 'INV-1751558294497', 10500.00, 7500.00, 3000.00, 'Cash', '2025-07-02', 'Pomegranat/km-68 (3 x 3500)\n', '2025-07-03 16:00:14', '2025-07-03 16:00:14'),
(174, 22, 'INV-1751558294497', 10500.00, 10500.00, 0.00, 'Cash', NULL, 'Pomegranat/km-68 (3 x 3500)\n', '2025-07-03 16:01:31', '2025-07-03 16:01:31'),
(175, 22, 'INV-1751558496996', 22000.00, 22000.00, 0.00, 'Cash', NULL, '[{\"item\":\"Mango\\/gift\\/49\",\"qty\":\"10\",\"rate\":\"2200\",\"amount\":\"22000.00\"}]', '2025-07-03 16:02:30', '2025-07-03 16:02:30'),
(176, 10, 'INV-1751558687916', 10000.00, 10000.00, 0.00, 'Cash', NULL, '[{\"item\":\"Mango\\/Waqas\\/65\",\"qty\":\"5\",\"rate\":\"2000\",\"amount\":\"10000.00\"}]', '2025-07-03 16:05:21', '2025-07-03 16:05:21'),
(177, 22, 'INV-1751558728486', 4500.00, 4500.00, 0.00, 'Cash', NULL, '[{\"item\":\"Banana\\/MK-43\",\"qty\":\"5\",\"rate\":\"900\",\"amount\":\"4500.00\"}]', '2025-07-03 17:21:22', '2025-07-03 17:21:22'),
(178, 22, 'INV-1751563288959', 3600.00, 3600.00, 0.00, 'Cash', NULL, '[{\"item\":\"Banana\\/MK-43\",\"qty\":\"3\",\"rate\":\"1200\",\"amount\":\"3600.00\"}]', '2025-07-03 17:22:48', '2025-07-03 17:22:48'),
(179, 20, 'INV-1751563646422', 2600.00, 2600.00, 0.00, 'Cash', NULL, '[{\"item\":\"Banana\\/MK-43\",\"qty\":\"2\",\"rate\":\"1300\",\"amount\":\"2600.00\"}]', '2025-07-03 17:27:53', '2025-07-03 17:27:53'),
(180, 21, 'INV-1751563917666', 4000.00, 2000.00, 2000.00, 'Cash', '2025-07-05', '[{\"item\":\"PEACH\\/PH-32\",\"qty\":\"5\",\"rate\":\"800\",\"amount\":\"4000.00\"}]', '2025-07-03 17:32:55', '2025-07-03 17:32:55'),
(181, 21, 'INV-1751563917666', 4000.00, 4000.00, 0.00, 'Cash', NULL, 'PEACH/PH-32 (5 x 800)\n', '2025-07-03 17:33:39', '2025-07-03 17:33:39'),
(182, 21, 'INV-1751564025854', 9900.00, 9900.00, 0.00, 'Cash', NULL, '[{\"item\":\"Pomegranat\\/km-68\",\"qty\":\"3\",\"rate\":\"3300\",\"amount\":\"9900.00\"}]', '2025-07-03 17:34:41', '2025-07-03 17:34:41'),
(183, 10, 'INV-1751564091116', 6000.00, 3000.00, 3000.00, 'Cash', '2025-07-04', '[{\"item\":\"Red Apples\\/AKA-123\",\"qty\":\"2\",\"rate\":\"3000\",\"amount\":\"6000.00\"}]', '2025-07-03 17:47:54', '2025-07-03 17:47:54'),
(184, 10, 'INV-1751564091116', 6000.00, 6000.00, 0.00, 'Cash', NULL, 'Red Apples/AKA-123 (2 x 3000)\n', '2025-07-03 17:48:36', '2025-07-03 17:48:36'),
(185, 21, 'INV-1751564921005', 3000.00, 0.00, 3000.00, 'Cash', '2025-07-02', '[{\"item\":\"Red Apples\\/AKA-123\",\"qty\":\"1\",\"rate\":\"3000\",\"amount\":\"3000.00\"}]', '2025-07-03 17:49:37', '2025-07-03 17:49:37'),
(186, 21, 'INV-1751564921005', 3000.00, 3000.00, 0.00, 'Cash', NULL, 'Red Apples/AKA-123 (1 x 3000)\n', '2025-07-03 17:51:53', '2025-07-03 17:51:53'),
(187, 19, 'INV-1751565127003', 4500.00, 4500.00, 0.00, 'Cash', NULL, '[{\"item\":\"PEACH\\/PH-32\",\"qty\":\"5\",\"rate\":\"900\",\"amount\":\"4500.00\"}]', '2025-07-03 18:04:32', '2025-07-03 18:04:32'),
(188, 19, 'INV-1751565965281', 7000.00, 7000.00, 0.00, 'Cash', NULL, '[{\"item\":\"Red Apples\\/AKA-123\",\"qty\":\"2\",\"rate\":\"3500\",\"amount\":\"7000.00\"}]', '2025-07-03 18:06:29', '2025-07-03 18:06:29'),
(189, 20, 'INV-1751565995690', 9500.00, 5000.00, 4500.00, 'Cash', '2025-07-04', '[{\"item\":\"Mango\\/Waqas\\/65\",\"qty\":\"5\",\"rate\":\"1900\",\"amount\":\"9500.00\"}]', '2025-07-03 18:07:54', '2025-07-03 18:07:54'),
(190, 20, 'INV-1751565995690', 9500.00, 9500.00, 0.00, 'Cash', NULL, 'Mango/Waqas/65 (5 x 1900)\n', '2025-07-03 18:08:22', '2025-07-03 18:08:22'),
(191, 19, 'INV-1751566112944', 6500.00, 6500.00, 0.00, 'Cash', NULL, '[{\"item\":\"Banana\\/MK-43\",\"qty\":\"5\",\"rate\":\"1300\",\"amount\":\"6500.00\"}]', '2025-07-03 18:12:30', '2025-07-03 18:12:30'),
(192, 21, 'INV-1751566356386', 6800.00, 4000.00, 2800.00, 'Cash', '2025-07-04', '[{\"item\":\"Pomegranat\\/km-68\",\"qty\":\"2\",\"rate\":\"3400\",\"amount\":\"6800.00\"}]', '2025-07-03 18:13:33', '2025-07-03 18:13:33'),
(193, 21, 'INV-1751566356386', 6800.00, 6800.00, 0.00, 'Cash', NULL, 'Pomegranat/km-68 (2 x 3400)\n', '2025-07-03 18:14:11', '2025-07-03 18:14:11'),
(194, 19, 'INV-1751566462008', 16500.00, 16500.00, 0.00, 'Cash', NULL, '[{\"item\":\"Red Apples\\/AKA-123\",\"qty\":\"5\",\"rate\":\"3300\",\"amount\":\"16500.00\"}]', '2025-07-03 18:22:15', '2025-07-03 18:22:15'),
(195, 19, 'INV-1751568617476', 6800.00, 6800.00, 0.00, 'Cash', NULL, '[{\"item\":\"Pomegranat\\/km-68\",\"qty\":\"2\",\"rate\":\"3400\",\"amount\":\"6800.00\"}]', '2025-07-03 18:51:15', '2025-07-03 18:51:15'),
(196, 21, 'INV-1751568827578', 7000.00, 5000.00, 2000.00, 'Cash', '2025-07-02', '[{\"item\":\"Red Apples\\/AKA-123\",\"qty\":\"2\",\"rate\":\"3500\",\"amount\":\"7000.00\"}]', '2025-07-03 18:54:24', '2025-07-03 18:54:24'),
(197, 21, 'INV-1751568827578', 7000.00, 7000.00, 0.00, 'Cash', NULL, 'Red Apples/AKA-123 (2 x 3500)\n', '2025-07-03 18:55:19', '2025-07-03 18:55:19'),
(198, 19, 'INV-1751570046392', 3500.00, 3500.00, 0.00, 'Cash', NULL, '[{\"item\":\"Red Apples\\/AKA-123\",\"qty\":\"1\",\"rate\":\"3500\",\"amount\":\"3500.00\"}]', '2025-07-03 19:14:30', '2025-07-03 19:14:30'),
(199, 19, 'INV-1751570714138', 6600.00, 6600.00, 0.00, 'Cash', NULL, '[{\"item\":\"Red Apples\\/AKA-123\",\"qty\":\"2\",\"rate\":\"3300\",\"amount\":\"6600.00\"}]', '2025-07-03 19:25:47', '2025-07-03 19:25:47'),
(200, 10, 'INV-1751570753400', 5500.00, 2500.00, 3000.00, 'Cash', '2025-08-03', '[{\"item\":\"Banana\\/MK-43\",\"qty\":\"5\",\"rate\":\"1100\",\"amount\":\"5500.00\"}]', '2025-07-03 19:27:19', '2025-07-03 19:27:19'),
(201, 10, 'INV-1751570753400', 5500.00, 3500.00, 2000.00, 'Cash', '2025-07-03', 'Banana/MK-43 (5 x 1100)\n', '2025-07-03 19:27:50', '2025-07-03 19:27:50'),
(202, 10, 'INV-1751570753400', 5500.00, 4500.00, 1000.00, 'Cash', '2025-07-03', 'Banana/MK-43 (5 x 1100)\n', '2025-07-03 19:27:55', '2025-07-03 19:27:55'),
(203, 10, 'INV-1751570753400', 5500.00, 5500.00, 0.00, 'Cash', NULL, 'Banana/MK-43 (5 x 1100)\n', '2025-07-03 19:28:23', '2025-07-03 19:28:23'),
(204, 19, 'INV-1751571968583', 9000.00, 9000.00, 0.00, 'Cash', NULL, '[{\"item\":\"Pomegranat\\/km-68\",\"qty\":\"3\",\"rate\":\"3000\",\"amount\":\"9000.00\"}]', '2025-07-03 19:46:32', '2025-07-03 19:46:32'),
(205, 10, 'INV-1751572202735', 9900.00, 9900.00, 0.00, 'Cash', NULL, '[{\"item\":\"Red Apples\\/AKA-123\",\"qty\":\"3\",\"rate\":\"3300\",\"amount\":\"9900.00\"}]', '2025-07-03 19:50:29', '2025-07-03 19:50:29'),
(206, 10, 'INV-1751572295289', 3500.00, 3500.00, 0.00, 'Cash', NULL, '[{\"item\":\"Red Apples\\/AKA-123\",\"qty\":\"1\",\"rate\":\"3500\",\"amount\":\"3500.00\"}]', '2025-07-03 19:53:15', '2025-07-03 19:53:16'),
(207, 20, 'INV-1751572419346', 3400.00, 3400.00, 0.00, 'Cash', NULL, '[{\"item\":\"Red Apples\\/AKA-123\",\"qty\":\"1\",\"rate\":\"3400\",\"amount\":\"3400.00\"}]', '2025-07-03 19:56:10', '2025-07-03 19:56:11'),
(209, 10, 'INV-1751573023828', 3500.00, 2000.00, 1500.00, 'Cash', '2025-07-05', '[{\"item\":\"Red Apples\\/AKA-123\",\"qty\":\"1\",\"rate\":\"3500\",\"amount\":\"3500.00\"}]', '2025-07-03 20:04:23', '2025-07-03 20:04:23'),
(210, 10, 'INV-1751573544841', 2000.00, 1000.00, 1000.00, 'Cash', '2025-07-05', '[{\"item\":\"Red Apples\\/AKA-123\",\"qty\":\"1\",\"rate\":\"2000\",\"amount\":\"2000.00\"}]', '2025-07-03 20:13:10', '2025-07-03 20:13:10'),
(212, 20, 'INV-1751575430180', 13200.00, 10000.00, 3200.00, 'Cash', '2025-07-05', '[{\"item\":\"Red Apples\\/AKA-123\",\"qty\":\"3\",\"rate\":\"3200\",\"amount\":\"9600.00\"},{\"item\":\"Mango\\/gift\\/49\",\"qty\":\"2\",\"rate\":\"1800\",\"amount\":\"3600.00\"}]', '2025-07-03 20:44:34', '2025-07-03 20:44:34'),
(214, 10, 'INV-1751576117628', 6000.00, 6000.00, 0.00, 'Cash', NULL, '[{\"item\":\"Mango\\/gift\\/49\",\"qty\":\"3\",\"rate\":\"2000\",\"amount\":\"6000.00\"}]', '2025-07-03 20:57:54', '2025-07-03 20:57:54'),
(215, 10, 'INV-1751573544841', 2000.00, 2000.00, 0.00, 'Cash', NULL, 'Red Apples/AKA-123 (1 x 2000)\n', '2025-07-03 21:00:57', '2025-07-03 21:00:57'),
(216, 20, 'INV-1751575430180', 13200.00, 13200.00, 0.00, 'Cash', NULL, 'Red Apples/AKA-123 (3 x 3200)\nMango/gift/49 (2 x 1800)\n', '2025-07-03 21:02:03', '2025-07-03 21:02:03'),
(217, 10, 'INV-1751577104922', 5000.00, 5000.00, 0.00, 'Cash', NULL, '[{\"item\":\"Mango\\/gift\\/49\",\"qty\":\"5\",\"rate\":\"1000\",\"amount\":\"5000.00\"}]', '2025-07-03 21:12:24', '2025-07-03 21:12:24'),
(218, 20, 'INV-1751577169951', 20800.00, 10000.00, 10800.00, 'Cash', '2025-07-05', '[{\"item\":\"Red Apples\\/AKA-123\",\"qty\":\"5\",\"rate\":\"3200\",\"amount\":\"16000.00\"},{\"item\":\"White Apple\\/LM-123\",\"qty\":\"2\",\"rate\":\"2400\",\"amount\":\"4800.00\"}]', '2025-07-03 21:14:02', '2025-07-03 21:14:02'),
(219, 20, 'INV-1751577169951', 20800.00, 15000.00, 5800.00, 'Cash', '2025-07-05', 'Red Apples/AKA-123 (5 x 3200)\nWhite Apple/LM-123 (2 x 2400)\n', '2025-07-03 21:14:43', '2025-07-03 21:14:43'),
(220, 10, 'INV-1751577400382', 5000.00, 5000.00, 0.00, 'Cash', NULL, '[{\"item\":\"PEACH\\/PH-32\",\"qty\":\"5\",\"rate\":\"1000\",\"amount\":\"5000.00\"}]', '2025-07-03 21:17:21', '2025-07-03 21:17:21'),
(221, 20, 'INV-1751701496720', 6300.00, 6300.00, 0.00, 'Cash', NULL, '[{\"item\":\"White Apple\\/LM-123\",\"qty\":\"3\",\"rate\":\"2100\",\"amount\":\"6300.00\"}]', '2025-07-05 07:46:12', '2025-07-05 07:46:12'),
(222, 21, 'INV-1751738045650', 16500.00, 10000.00, 6500.00, 'Cash', '2025-07-06', '[{\"item\":\"Red Apples\\/AKA-123\",\"qty\":\"5\",\"rate\":\"3300\",\"amount\":\"16500.00\"}]', '2025-07-05 17:55:02', '2025-07-05 17:55:02'),
(223, 20, 'INV-1751577169951', 20800.00, 17500.00, 3300.00, 'Cash', '2025-07-06', 'Red Apples/AKA-123 (5 x 3200)\nWhite Apple/LM-123 (2 x 2400)\n', '2025-07-05 18:01:18', '2025-07-05 18:01:18'),
(224, 10, 'INV-1751738978039', 2200.00, 2200.00, 0.00, 'Cash', NULL, '[{\"item\":\"Mango\\/gift\\/49\",\"qty\":\"1\",\"rate\":\"2200\",\"amount\":\"2200.00\"}]', '2025-07-05 18:10:10', '2025-07-05 18:10:10'),
(225, 21, 'INV-1751738045650', 16500.00, 16500.00, 0.00, 'Cash', NULL, 'Red Apples/AKA-123 (5 x 3300)\n', '2025-07-06 08:37:40', '2025-07-06 08:37:40'),
(226, 20, 'INV-1751577169951', 20800.00, 19500.00, 1300.00, 'Cash', '2025-07-07', 'Red Apples/AKA-123 (5 x 3200)\nWhite Apple/LM-123 (2 x 2400)\n', '2025-07-06 08:38:31', '2025-07-06 08:38:31'),
(227, 10, 'INV-1751791124496', 6900.00, 6900.00, 0.00, 'Cash', NULL, '[{\"item\":\"Mango\\/gift\\/49\",\"qty\":\"3\",\"rate\":\"2300\",\"amount\":\"6900.00\"}]', '2025-07-06 08:39:54', '2025-07-06 08:39:54'),
(228, 19, 'INV-1751792668792', 11600.00, 5000.00, 6600.00, 'Cash', '2025-07-07', '[{\"item\":\"Banana\\/MK-43\",\"qty\":\"5\",\"rate\":\"1000\",\"amount\":\"5000.00\"},{\"item\":\"Red Apples\\/AKA-123\",\"qty\":\"2\",\"rate\":\"3300\",\"amount\":\"6600.00\"}]', '2025-07-06 09:07:32', '2025-07-06 09:07:33'),
(229, 19, 'INV-1751792668792', 11600.00, 11600.00, 0.00, 'Cash', NULL, 'Banana/MK-43 (5 x 1000)\nRed Apples/AKA-123 (2 x 3300)\n', '2025-07-06 16:03:50', '2025-07-06 16:03:50'),
(230, 20, 'INV-1751577169951', 20800.00, 20800.00, 0.00, 'Cash', NULL, 'Red Apples/AKA-123 (5 x 3200)\nWhite Apple/LM-123 (2 x 2400)\n', '2025-07-06 16:04:31', '2025-07-06 16:04:31'),
(231, 20, 'INV-1751889045946', 9000.00, 5000.00, 4000.00, 'Cash', '2025-07-09', '[{\"item\":\"Red Apples\\/AKA-123\",\"qty\":\"3\",\"rate\":\"3000\",\"amount\":\"9000.00\"}]', '2025-07-07 11:51:24', '2025-07-07 11:51:24'),
(233, 20, 'INV-1751889045946', 9000.00, 7000.00, 2000.00, 'Cash', '2025-07-08', 'Red Apples/AKA-123 (3 x 3000)\n', '2025-07-07 16:11:34', '2025-07-07 16:11:34'),
(234, 20, 'INV-1751889045946', 9000.00, 9000.00, 0.00, 'Cash', NULL, 'Red Apples/AKA-123 (3 x 3000)<br>', '2025-07-08 09:49:06', '2025-07-08 09:49:06'),
(235, 21, 'INV-1751968698444', 9600.00, 8000.00, 1600.00, 'Cash', '2025-07-09', '[{\"item\":\"Red Apples\\/AKA-123\",\"qty\":\"2\",\"rate\":\"3300\",\"amount\":\"6600.00\"},{\"item\":\"PEACH\\/PH-32\",\"qty\":\"5\",\"rate\":\"600\",\"amount\":\"3000.00\"}]', '2025-07-08 09:59:14', '2025-07-08 09:59:14'),
(236, 21, 'INV-1751968698444', 9600.00, 9600.00, 0.00, 'Cash', NULL, 'Red Apples/AKA-123 (2 x 3300)<br>PEACH/PH-32 (5 x 600)<br>', '2025-07-08 10:01:46', '2025-07-08 10:01:46'),
(237, 10, 'INV-1751968926828', 17200.00, 10000.00, 7200.00, 'Cash', '2025-07-09', '[{\"item\":\"Mango\\/gift\\/49\",\"qty\":\"1\",\"rate\":\"2200\",\"amount\":\"2200.00\"},{\"item\":\"Pomegranat\\/km-68\",\"qty\":\"5\",\"rate\":\"3000\",\"amount\":\"15000.00\"}]', '2025-07-08 10:05:27', '2025-07-08 10:05:27'),
(238, 10, 'INV-1751968926828', 17200.00, 11200.00, 6000.00, 'Cash', '2025-07-09', 'Mango/gift/49 (1 x 2200)<br>Pomegranat/km-68 (5 x 3000)<br>', '2025-07-08 10:07:38', '2025-07-08 10:07:38');

-- --------------------------------------------------------

--
-- Table structure for table `users`
--

CREATE TABLE `users` (
  `id` int(11) NOT NULL,
  `name` varchar(100) NOT NULL,
  `email` varchar(100) NOT NULL,
  `password` varchar(255) NOT NULL,
  `created_at` timestamp NOT NULL DEFAULT current_timestamp()
) ENGINE=InnoDB DEFAULT CHARSET=utf8mb4 COLLATE=utf8mb4_general_ci;

--
-- Dumping data for table `users`
--

INSERT INTO `users` (`id`, `name`, `email`, `password`, `created_at`) VALUES
(1, 'Shahbaz Butt', 'aa@gmail.com', '$2y$10$GNPLWBQY22wnFggyIZ/4hutSEePKOw2VASn3RXdln86yKm9bNy93G', '2025-04-23 07:51:14'),
(3, 'Sheraz Butt', 'ss@gmail.com', '$2y$10$fVgPPYC.X57l.1640yjY9eInvyxQ8yUUYtXO9MVMcNNwU9OoVky6C', '2025-04-23 08:03:11'),
(4, 'Sheraz Butt', 'mail@gmail.com', '$2y$10$5Frs/kOCivLZjutOaSbVburaeFRKiyuWV9McBhWOazOCsltQn68cG', '2025-04-25 03:21:30');

--
-- Indexes for dumped tables
--

--
-- Indexes for table `customers`
--
ALTER TABLE `customers`
  ADD PRIMARY KEY (`id`),
  ADD UNIQUE KEY `phone` (`phone`);

--
-- Indexes for table `due_transactions`
--
ALTER TABLE `due_transactions`
  ADD PRIMARY KEY (`customer_phone`,`invoice_no`);

--
-- Indexes for table `notifications`
--
ALTER TABLE `notifications`
  ADD PRIMARY KEY (`id`);

--
-- Indexes for table `products`
--
ALTER TABLE `products`
  ADD PRIMARY KEY (`id`);

--
-- Indexes for table `sales`
--
ALTER TABLE `sales`
  ADD PRIMARY KEY (`id`),
  ADD UNIQUE KEY `product_id` (`product_id`,`sale_date`);

--
-- Indexes for table `transaction_history`
--
ALTER TABLE `transaction_history`
  ADD PRIMARY KEY (`id`);

--
-- Indexes for table `users`
--
ALTER TABLE `users`
  ADD PRIMARY KEY (`id`),
  ADD UNIQUE KEY `email` (`email`);

--
-- AUTO_INCREMENT for dumped tables
--

--
-- AUTO_INCREMENT for table `customers`
--
ALTER TABLE `customers`
  MODIFY `id` int(11) NOT NULL AUTO_INCREMENT, AUTO_INCREMENT=23;

--
-- AUTO_INCREMENT for table `notifications`
--
ALTER TABLE `notifications`
  MODIFY `id` int(11) NOT NULL AUTO_INCREMENT, AUTO_INCREMENT=21;

--
-- AUTO_INCREMENT for table `products`
--
ALTER TABLE `products`
  MODIFY `id` int(11) NOT NULL AUTO_INCREMENT, AUTO_INCREMENT=19;

--
-- AUTO_INCREMENT for table `sales`
--
ALTER TABLE `sales`
  MODIFY `id` int(11) NOT NULL AUTO_INCREMENT, AUTO_INCREMENT=42;

--
-- AUTO_INCREMENT for table `transaction_history`
--
ALTER TABLE `transaction_history`
  MODIFY `id` int(11) NOT NULL AUTO_INCREMENT, AUTO_INCREMENT=239;

--
-- AUTO_INCREMENT for table `users`
--
ALTER TABLE `users`
  MODIFY `id` int(11) NOT NULL AUTO_INCREMENT, AUTO_INCREMENT=5;

--
-- Constraints for dumped tables
--

--
-- Constraints for table `due_transactions`
--
ALTER TABLE `due_transactions`
  ADD CONSTRAINT `due_transactions_ibfk_1` FOREIGN KEY (`customer_phone`) REFERENCES `customers` (`phone`) ON DELETE CASCADE;

--
-- Constraints for table `sales`
--
ALTER TABLE `sales`
  ADD CONSTRAINT `fk_sales_product` FOREIGN KEY (`product_id`) REFERENCES `products` (`id`) ON DELETE SET NULL;
COMMIT;

/*!40101 SET CHARACTER_SET_CLIENT=@OLD_CHARACTER_SET_CLIENT */;
/*!40101 SET CHARACTER_SET_RESULTS=@OLD_CHARACTER_SET_RESULTS */;
/*!40101 SET COLLATION_CONNECTION=@OLD_COLLATION_CONNECTION */;
